{"loss": [1.0910612344741821, 0.35773351788520813, 0.20314256846904755, 0.14098531007766724, 0.09483452141284943, 0.08139266818761826, 0.05955806374549866, 0.05336357653141022, 0.04216577857732773, 0.04001852497458458, 0.038761481642723083, 0.0333644337952137, 0.024981725960969925, 0.029700342565774918, 0.023856760933995247, 0.02728170156478882, 0.023160187527537346, 0.019409799948334694, 0.026373742148280144, 0.01744472049176693], "accuracy": [0.6146044135093689, 0.8831945061683655, 0.9336704611778259, 0.9546400904655457, 0.9707019925117493, 0.9733789563179016, 0.9809339642524719, 0.9838786721229553, 0.9866151213645935, 0.9880130887031555, 0.9884592294692993, 0.9900357127189636, 0.9921177625656128, 0.990630567073822, 0.9924449920654297, 0.9930398464202881, 0.9936347603797913, 0.9939916729927063, 0.9930101037025452, 0.9949732422828674], "val_loss": [0.44122210144996643, 0.19381704926490784, 0.1760164499282837, 0.19477508962154388, 0.12147441506385803, 0.12912872433662415, 0.18582209944725037, 0.1389998495578766, 0.1677982211112976, 0.1389070600271225, 0.1859685778617859, 0.16161201894283295, 0.2624497711658478, 0.14820347726345062, 0.12359996885061264, 0.16284649074077606, 0.13393351435661316, 0.1444397121667862, 0.14844739437103271, 0.10730846971273422], "val_accuracy": [0.8633983731269836, 0.9347929358482361, 0.9381247162818909, 0.9345549941062927, 0.9616848826408386, 0.9640647172927856, 0.9471679925918579, 0.9643027186393738, 0.9533555507659912, 0.9614469408988953, 0.9483579397201538, 0.9569252729415894, 0.9340789914131165, 0.9590671062469482, 0.9721561074256897, 0.962398886680603, 0.9669204950332642, 0.960019052028656, 0.963350772857666, 0.9685863852500916]}